3,3,3,3,3,3,3,3,3,3,3,3,3,3,3,3,7,7,7,7,7,7,7,7,7,7,7,7,7,7,7,7,7,7,7,7,
1,1,2,2,3,3,4,4,9,9,10,10,17,17,18,18,0,0,1,1,2,2,3,3,4,4,5,5,7,7,8,8,12,12,13,13,
one,one,one,one,one,one,one,one,one,one,one,one,one,one,one,one,one,one,one,one,one,one,one,one,one,one,one,one,one,one,one,one,one,one,one,one,
compute,eval,compute,eval,compute,eval,compute,eval,compute,eval,compute,eval,compute,eval,compute,eval,compute,eval,compute,eval,compute,eval,compute,eval,compute,eval,compute,eval,compute,eval,compute,eval,compute,eval,compute,eval,
0.009057044982910156,0.0006127357482910156,0.013386964797973633,0.0007679462432861328,0.03923988342285156,0.001856088638305664,0.03784298896789551,0.0018541812896728516,0.08195018768310547,0.0034058094024658203,0.08679699897766113,0.003648996353149414,0.13939595222473145,0.0052640438079833984,0.13570380210876465,0.005553007125854492,0.0063588619232177734,0.00055694580078125,0.005697727203369141,0.0005621910095214844,0.014648675918579102,0.0011641979217529297,0.017965078353881836,0.0011420249938964844,0.036734819412231445,0.0017580986022949219,0.03895282745361328,0.002026081085205078,0.08334112167358398,0.003590106964111328,0.08963775634765625,0.0038499832153320312,0.13517379760742188,0.005239963531494141,0.1383819580078125,0.005767345428466797,
0.00587010383605957,0.0005691051483154297,0.011734962463378906,0.0007588863372802734,0.04065394401550293,0.0023932456970214844,0.03549480438232422,0.001811981201171875,0.08323502540588379,0.003437042236328125,0.08464193344116211,0.0037877559661865234,0.1365680694580078,0.0054090023040771484,0.1363840103149414,0.00542902946472168,0.006184101104736328,0.0005629062652587891,0.007244110107421875,0.0005948543548583984,0.012996196746826172,0.0007710456848144531,0.01828789710998535,0.0011670589447021484,0.03828883171081543,0.0017349720001220703,0.038160085678100586,0.0019488334655761719,0.08381795883178711,0.0036699771881103516,0.08891797065734863,0.004071950912475586,0.13522601127624512,0.0053348541259765625,0.13612818717956543,0.005360126495361328,
0.008381843566894531,0.0005691051483154297,0.011490106582641602,0.0007979869842529297,0.040937185287475586,0.0019290447235107422,0.03624391555786133,0.001894235610961914,0.08452415466308594,0.0034952163696289062,0.08557319641113281,0.0036249160766601562,0.13899993896484375,0.005358219146728516,0.13436603546142578,0.005321979522705078,0.00670313835144043,0.0005729198455810547,0.006206035614013672,0.0005519390106201172,0.012526750564575195,0.0008821487426757812,0.01812291145324707,0.0011839866638183594,0.03491997718811035,0.0017278194427490234,0.03889203071594238,0.0019068717956542969,0.08634686470031738,0.003448963165283203,0.09404587745666504,0.003777027130126953,0.13785195350646973,0.005458831787109375,0.14075493812561035,0.005268096923828125,
0.006049156188964844,0.0006699562072753906,0.011845827102661133,0.000759124755859375,0.03949093818664551,0.0017919540405273438,0.037854909896850586,0.001773834228515625,0.08194994926452637,0.0035567283630371094,0.08841085433959961,0.003632068634033203,0.13523483276367188,0.005278110504150391,0.13649582862854004,0.005364894866943359,0.006365776062011719,0.0005440711975097656,0.006904125213623047,0.0005638599395751953,0.011996030807495117,0.0007798671722412109,0.018405914306640625,0.0011320114135742188,0.036379098892211914,0.0017290115356445312,0.038960933685302734,0.0021102428436279297,0.08330106735229492,0.003470897674560547,0.0897970199584961,0.0037958621978759766,0.13826298713684082,0.0052449703216552734,0.13613200187683105,0.005276918411254883,
0.006521940231323242,0.0005931854248046875,0.011526107788085938,0.0007498264312744141,0.04033613204956055,0.001786947250366211,0.037203311920166016,0.0017726421356201172,0.08148598670959473,0.003534078598022461,0.0865929126739502,0.003582000732421875,0.13657021522521973,0.0052149295806884766,0.13593101501464844,0.0053861141204833984,0.006562948226928711,0.0006880760192871094,0.006170749664306641,0.0005440711975097656,0.012404918670654297,0.0007932186126708984,0.01798415184020996,0.0011219978332519531,0.03736710548400879,0.0017669200897216797,0.03853726387023926,0.001943826675415039,0.0845489501953125,0.0033791065216064453,0.08993697166442871,0.0037779808044433594,0.13584303855895996,0.005303859710693359,0.1368567943572998,0.0063321590423583984,
0.0062367916107177734,0.0005588531494140625,0.011922836303710938,0.0007510185241699219,0.03902411460876465,0.0019109249114990234,0.036192893981933594,0.0018413066864013672,0.0823979377746582,0.0034286975860595703,0.08574795722961426,0.003763914108276367,0.13689088821411133,0.005257129669189453,0.13773322105407715,0.005472898483276367,0.0068590641021728516,0.0005788803100585938,0.006520748138427734,0.0012202262878417969,0.012691020965576172,0.0007739067077636719,0.020878076553344727,0.001544952392578125,0.0374448299407959,0.001852273941040039,0.0379941463470459,0.001909017562866211,0.08448290824890137,0.003428936004638672,0.08968997001647949,0.003751039505004883,0.13607120513916016,0.005299806594848633,0.1372699737548828,0.005380153656005859,
0.006755828857421875,0.0006251335144042969,0.012501716613769531,0.0007700920104980469,0.03738975524902344,0.0018000602722167969,0.03435111045837402,0.001756906509399414,0.08380699157714844,0.003505229949951172,0.0867300033569336,0.0035851001739501953,0.13949799537658691,0.0052950382232666016,0.13505077362060547,0.00534510612487793,0.006205081939697266,0.0005409717559814453,0.007023334503173828,0.0005769729614257812,0.012904882431030273,0.0007669925689697266,0.018182992935180664,0.0011589527130126953,0.03658604621887207,0.0017218589782714844,0.038697242736816406,0.0019388198852539062,0.0827779769897461,0.0034148693084716797,0.09112977981567383,0.0038421154022216797,0.13477230072021484,0.0052678585052490234,0.1350688934326172,0.005406856536865234,
0.0066318511962890625,0.0005831718444824219,0.011999130249023438,0.0007500648498535156,0.03757882118225098,0.0018229484558105469,0.03581118583679199,0.0017540454864501953,0.08321309089660645,0.0035200119018554688,0.08537912368774414,0.0035839080810546875,0.138275146484375,0.005491971969604492,0.13875579833984375,0.005464076995849609,0.006356954574584961,0.0005550384521484375,0.0065250396728515625,0.0005691051483154297,0.01224374771118164,0.0007731914520263672,0.01839303970336914,0.0011229515075683594,0.04537701606750488,0.0017399787902832031,0.03938698768615723,0.0019068717956542969,0.08292603492736816,0.0034317970275878906,0.0899038314819336,0.0037810802459716797,0.1365649700164795,0.005282163619995117,0.1382887363433838,0.005311012268066406,
0.0062220096588134766,0.0005538463592529297,0.01220703125,0.0007519721984863281,0.036780595779418945,0.0018191337585449219,0.036278724670410156,0.0018663406372070312,0.08246994018554688,0.003434896469116211,0.08504080772399902,0.003710031509399414,0.137131929397583,0.0053789615631103516,0.13423490524291992,0.005305051803588867,0.005875110626220703,0.0005357265472412109,0.006913900375366211,0.0005750656127929688,0.012563943862915039,0.0008060932159423828,0.017879724502563477,0.0011360645294189453,0.03638005256652832,0.0017740726470947266,0.038947105407714844,0.0020461082458496094,0.08337688446044922,0.003409147262573242,0.0898129940032959,0.0038290023803710938,0.13570308685302734,0.005264997482299805,0.13517522811889648,0.005364894866943359,
0.006079196929931641,0.0005588531494140625,0.011723041534423828,0.0007410049438476562,0.036171913146972656,0.0018529891967773438,0.03682827949523926,0.0018057823181152344,0.0880880355834961,0.004727840423583984,0.08559107780456543,0.0036039352416992188,0.1410670280456543,0.005465030670166016,0.13760900497436523,0.00539088249206543,0.005884885787963867,0.0005269050598144531,0.006474971771240234,0.0006341934204101562,0.012573003768920898,0.0007910728454589844,0.01799798011779785,0.001127004623413086,0.03773307800292969,0.0018458366394042969,0.0394129753112793,0.0019309520721435547,0.08281087875366211,0.0034401416778564453,0.08811378479003906,0.0037810802459716797,0.1352541446685791,0.0052127838134765625,0.13563990592956543,0.005301952362060547,
0.0059299468994140625,0.0005588531494140625,0.01209402084350586,0.0007460117340087891,0.03717303276062012,0.0017619132995605469,0.03711819648742676,0.0018460750579833984,0.08361697196960449,0.003612995147705078,0.08577895164489746,0.003790140151977539,0.13762378692626953,0.005212306976318359,0.13591885566711426,0.005299806594848633,0.006157875061035156,0.0005338191986083984,0.0063588619232177734,0.0006649494171142578,0.012101888656616211,0.0007460117340087891,0.021754026412963867,0.0016589164733886719,0.03798413276672363,0.0019078254699707031,0.03842306137084961,0.0018932819366455078,0.08313512802124023,0.0034699440002441406,0.08884119987487793,0.0038290023803710938,0.1358029842376709,0.005300998687744141,0.136152982711792,0.005321025848388672,
0.005774259567260742,0.0005419254302978516,0.011651039123535156,0.0007290840148925781,0.036099910736083984,0.0017688274383544922,0.03725886344909668,0.0018558502197265625,0.08130311965942383,0.003493070602416992,0.08656001091003418,0.0036292076110839844,0.13848304748535156,0.005502939224243164,0.13618779182434082,0.005269289016723633,0.006126880645751953,0.0005230903625488281,0.006293058395385742,0.0005676746368408203,0.012020111083984375,0.0007569789886474609,0.01949477195739746,0.0011529922485351562,0.03954601287841797,0.001786947250366211,0.03839373588562012,0.00189208984375,0.08199810981750488,0.0033888816833496094,0.0895681381225586,0.003690004348754883,0.1355741024017334,0.005507707595825195,0.13618874549865723,0.00526118278503418,
0.006313800811767578,0.0006051063537597656,0.01180577278137207,0.0007481575012207031,0.03566598892211914,0.001798868179321289,0.036617279052734375,0.0017919540405273438,0.08466315269470215,0.0035867691040039062,0.0866708755493164,0.0038368701934814453,0.13704204559326172,0.005234956741333008,0.13523101806640625,0.005330085754394531,0.006339073181152344,0.0005297660827636719,0.007075786590576172,0.0006310939788818359,0.01238107681274414,0.0007531642913818359,0.0180511474609375,0.001130819320678711,0.03676414489746094,0.0017879009246826172,0.038401126861572266,0.001912832260131836,0.08230185508728027,0.003587007522583008,0.08858203887939453,0.0038568973541259766,0.13561296463012695,0.005429983139038086,0.13661599159240723,0.005321025848388672,
0.005751132965087891,0.0005650520324707031,0.012142181396484375,0.000762939453125,0.0378420352935791,0.0018661022186279297,0.036824941635131836,0.0017542839050292969,0.08347320556640625,0.003627777099609375,0.08502626419067383,0.0036389827728271484,0.13881587982177734,0.005435943603515625,0.13607311248779297,0.005281925201416016,0.005931854248046875,0.000553131103515625,0.006481170654296875,0.000576019287109375,0.012472867965698242,0.0008392333984375,0.018739938735961914,0.0011420249938964844,0.03633522987365723,0.0018749237060546875,0.039208173751831055,0.001985788345336914,0.08465290069580078,0.0035881996154785156,0.08977985382080078,0.0037660598754882812,0.13700199127197266,0.0051839351654052734,0.13778090476989746,0.005277872085571289,
0.00635528564453125,0.0005548000335693359,0.012361288070678711,0.0007407665252685547,0.03671884536743164,0.0018129348754882812,0.036400794982910156,0.0017399787902832031,0.0816960334777832,0.0034651756286621094,0.08732199668884277,0.0037009716033935547,0.1381211280822754,0.005240917205810547,0.13515806198120117,0.005387067794799805,0.006717205047607422,0.0005588531494140625,0.006360769271850586,0.0005669593811035156,0.012025833129882812,0.0007841587066650391,0.018561840057373047,0.0011739730834960938,0.03824210166931152,0.002012014389038086,0.038424015045166016,0.0020580291748046875,0.08177828788757324,0.0034317970275878906,0.08924198150634766,0.0037429332733154297,0.13853788375854492,0.00560307502746582,0.1428539752960205,0.0053980350494384766,
0.005898952484130859,0.0005559921264648438,0.012194156646728516,0.0007519721984863281,0.03712821006774902,0.0018277168273925781,0.03695225715637207,0.0017516613006591797,0.08201789855957031,0.0034461021423339844,0.0861361026763916,0.0036230087280273438,0.1355898380279541,0.005270957946777344,0.1364898681640625,0.00531315803527832,0.006139278411865234,0.0005629062652587891,0.007079124450683594,0.0005939006805419922,0.012265920639038086,0.0007600784301757812,0.018674850463867188,0.0011572837829589844,0.03730201721191406,0.0017371177673339844,0.03948688507080078,0.0019381046295166016,0.08747506141662598,0.003710031509399414,0.08867883682250977,0.003738880157470703,0.13744592666625977,0.0058879852294921875,0.13829398155212402,0.005220890045166016,
0.006124019622802734,0.0007009506225585938,0.011960744857788086,0.0007359981536865234,0.03706502914428711,0.0018129348754882812,0.03726911544799805,0.0019326210021972656,0.08052206039428711,0.003504037857055664,0.08513689041137695,0.0036199092864990234,0.13577914237976074,0.005287885665893555,0.13454890251159668,0.005268096923828125,0.007652997970581055,0.0005960464477539062,0.006308078765869141,0.0005578994750976562,0.012492179870605469,0.0007736682891845703,0.01834583282470703,0.0013282299041748047,0.037271976470947266,0.0018961429595947266,0.0389401912689209,0.0018968582153320312,0.0825810432434082,0.003607034683227539,0.0897362232208252,0.003833770751953125,0.1384897232055664,0.0054242610931396484,0.13618922233581543,0.005369901657104492,
0.006300926208496094,0.0005848407745361328,0.011270284652709961,0.0007250308990478516,0.03606295585632324,0.0018281936645507812,0.03716611862182617,0.0017840862274169922,0.0806887149810791,0.0033931732177734375,0.0856480598449707,0.003606081008911133,0.13536906242370605,0.0053827762603759766,0.13581323623657227,0.005224943161010742,0.005863189697265625,0.0005507469177246094,0.006777763366699219,0.0005769729614257812,0.012306928634643555,0.0007562637329101562,0.017843008041381836,0.0011179447174072266,0.03730487823486328,0.0017309188842773438,0.03887176513671875,0.0018990039825439453,0.08257293701171875,0.0036191940307617188,0.08969283103942871,0.0038611888885498047,0.13732314109802246,0.006415843963623047,0.13683581352233887,0.005330085754394531,
0.0062367916107177734,0.0006809234619140625,0.011960029602050781,0.00080108642578125,0.03650498390197754,0.001981019973754883,0.036221981048583984,0.0017557144165039062,0.08299803733825684,0.003473997116088867,0.08517003059387207,0.0036630630493164062,0.14024901390075684,0.005389213562011719,0.13597965240478516,0.005276203155517578,0.006187915802001953,0.0005550384521484375,0.006121158599853516,0.0005478858947753906,0.012144804000854492,0.0007550716400146484,0.018191099166870117,0.0011188983917236328,0.03693795204162598,0.0018429756164550781,0.03955197334289551,0.0020952224731445312,0.08361196517944336,0.0034608840942382812,0.08977627754211426,0.003749847412109375,0.13934326171875,0.005384922027587891,0.13590502738952637,0.005408048629760742,
0.0061380863189697266,0.0005669593811035156,0.012005805969238281,0.0007770061492919922,0.03693199157714844,0.0018088817596435547,0.03554511070251465,0.0017511844635009766,0.08139276504516602,0.0034911632537841797,0.08590483665466309,0.0036339759826660156,0.1361839771270752,0.005440950393676758,0.13519692420959473,0.005291938781738281,0.006646871566772461,0.0005900859832763672,0.0063130855560302734,0.0005869865417480469,0.012236833572387695,0.0007741451263427734,0.017873048782348633,0.0011110305786132812,0.03725409507751465,0.0017659664154052734,0.03853106498718262,0.001912832260131836,0.08372139930725098,0.0034706592559814453,0.09023094177246094,0.0037069320678710938,0.13649392127990723,0.005413055419921875,0.13568401336669922,0.0054242610931396484,
0.00595402717590332,0.0005729198455810547,0.011400222778320312,0.0007576942443847656,0.03673982620239258,0.0019130706787109375,0.03716588020324707,0.0017571449279785156,0.08880114555358887,0.0034449100494384766,0.08362698554992676,0.0036258697509765625,0.1359093189239502,0.005234718322753906,0.13606691360473633,0.005311250686645508,0.006075859069824219,0.0005640983581542969,0.006324052810668945,0.0005538463592529297,0.012115001678466797,0.0007989406585693359,0.01783919334411621,0.0011227130889892578,0.037393808364868164,0.0017590522766113281,0.03840899467468262,0.001911163330078125,0.08264589309692383,0.003529071807861328,0.09241414070129395,0.003880023956298828,0.13817286491394043,0.005470991134643555,0.22664499282836914,0.005313873291015625,
0.005843162536621094,0.0005738735198974609,0.012165069580078125,0.0007469654083251953,0.03649187088012695,0.0017969608306884766,0.0357358455657959,0.0018310546875,0.08224105834960938,0.0034389495849609375,0.0862588882446289,0.0036411285400390625,0.13824200630187988,0.005434989929199219,0.13660693168640137,0.005430936813354492,0.0052433013916015625,0.0005507469177246094,0.006124019622802734,0.0005490779876708984,0.01230001449584961,0.0008051395416259766,0.018304109573364258,0.0011746883392333984,0.03809690475463867,0.0017490386962890625,0.03793597221374512,0.0019578933715820312,0.08316493034362793,0.0034470558166503906,0.09013795852661133,0.0037429332733154297,0.13584208488464355,0.005471944808959961,0.13675403594970703,0.005418062210083008,
0.006351947784423828,0.0005738735198974609,0.012066125869750977,0.0007658004760742188,0.03786492347717285,0.0018203258514404297,0.036607980728149414,0.0018157958984375,0.08152604103088379,0.0035293102264404297,0.08597397804260254,0.0036029815673828125,0.13487601280212402,0.005788087844848633,0.13597488403320312,0.005217075347900391,0.006121158599853516,0.0005388259887695312,0.006970882415771484,0.0005652904510498047,0.013051748275756836,0.0007810592651367188,0.018018007278442383,0.0011363029479980469,0.03705191612243652,0.0017368793487548828,0.038870811462402344,0.0019421577453613281,0.08342504501342773,0.003495931625366211,0.08865904808044434,0.003698110580444336,0.13640713691711426,0.005269050598144531,0.13876008987426758,0.005418062210083008,
0.005897998809814453,0.0005619525909423828,0.010987997055053711,0.0007541179656982422,0.03824329376220703,0.0018167495727539062,0.03544211387634277,0.0018498897552490234,0.08147907257080078,0.003941774368286133,0.08489012718200684,0.003618955612182617,0.13714385032653809,0.005267143249511719,0.13527917861938477,0.005217075347900391,0.006092071533203125,0.0005469322204589844,0.0067136287689208984,0.0005633831024169922,0.014091014862060547,0.0007731914520263672,0.01851820945739746,0.0011267662048339844,0.03734898567199707,0.001789093017578125,0.03809309005737305,0.0019309520721435547,0.08371877670288086,0.003538370132446289,0.08843064308166504,0.0038700103759765625,0.13655900955200195,0.005238056182861328,0.13707876205444336,0.005462169647216797,
0.006325960159301758,0.0005850791931152344,0.01246500015258789,0.0008151531219482422,0.03664207458496094,0.0017609596252441406,0.03674602508544922,0.0018019676208496094,0.08310294151306152,0.0034291744232177734,0.08674812316894531,0.0036170482635498047,0.13680505752563477,0.005354881286621094,0.13616490364074707,0.005343914031982422,0.006028890609741211,0.0005519390106201172,0.006521940231323242,0.0005428791046142578,0.013555049896240234,0.0007579326629638672,0.017934083938598633,0.0011448860168457031,0.0369420051574707,0.0017659664154052734,0.03802299499511719,0.0019240379333496094,0.08327507972717285,0.003445863723754883,0.08994936943054199,0.004237651824951172,0.13666796684265137,0.005525112152099609,0.13735604286193848,0.005373954772949219,
0.0058863162994384766,0.0005719661712646484,0.010936737060546875,0.0007412433624267578,0.03663301467895508,0.0018498897552490234,0.03743910789489746,0.0017461776733398438,0.08194994926452637,0.003495931625366211,0.08504319190979004,0.0036878585815429688,0.13699889183044434,0.005277872085571289,0.1353609561920166,0.006148815155029297,0.0060999393463134766,0.0005421638488769531,0.0059931278228759766,0.0005438327789306641,0.011832952499389648,0.0007491111755371094,0.019098997116088867,0.0011882781982421875,0.03686213493347168,0.001789093017578125,0.03823113441467285,0.001889944076538086,0.08438491821289062,0.0034999847412109375,0.08925700187683105,0.003675222396850586,0.13564610481262207,0.0054628849029541016,0.1375570297241211,0.0052340030670166016,
0.006064176559448242,0.0005619525909423828,0.011921167373657227,0.0008118152618408203,0.037029266357421875,0.0017809867858886719,0.035917043685913086,0.001773834228515625,0.08239388465881348,0.003459930419921875,0.08513593673706055,0.003614187240600586,0.13757014274597168,0.005388021469116211,0.13607001304626465,0.005404949188232422,0.0064198970794677734,0.0005359649658203125,0.005434274673461914,0.0005438327789306641,0.012272119522094727,0.0007679462432861328,0.018218994140625,0.001249074935913086,0.035413265228271484,0.0017507076263427734,0.03658699989318848,0.001961946487426758,0.08226394653320312,0.003468036651611328,0.0904998779296875,0.0038368701934814453,0.13804292678833008,0.005303859710693359,0.134108304977417,0.0053937435150146484,
0.005934000015258789,0.0005581378936767578,0.01178598403930664,0.0007376670837402344,0.035722970962524414,0.0017638206481933594,0.03627586364746094,0.0017709732055664062,0.08132624626159668,0.0034270286560058594,0.08739161491394043,0.0037403106689453125,0.1396491527557373,0.005444765090942383,0.13599801063537598,0.00540471076965332,0.0062139034271240234,0.0005371570587158203,0.006494998931884766,0.0005590915679931641,0.012189865112304688,0.0007569789886474609,0.01833319664001465,0.0011420249938964844,0.03604483604431152,0.001772165298461914,0.039437055587768555,0.0019001960754394531,0.08334088325500488,0.0035359859466552734,0.08855223655700684,0.0038590431213378906,0.13808894157409668,0.005223274230957031,0.13614296913146973,0.005341053009033203,
0.006011009216308594,0.0005719661712646484,0.011756658554077148,0.0008091926574707031,0.03677010536193848,0.0018129348754882812,0.03525280952453613,0.0017561912536621094,0.08194804191589355,0.0036840438842773438,0.08775591850280762,0.004391908645629883,0.1370391845703125,0.005288839340209961,0.134321928024292,0.005285024642944336,0.00580596923828125,0.0005397796630859375,0.006134033203125,0.0005481243133544922,0.012516260147094727,0.0007748603820800781,0.018306970596313477,0.0011398792266845703,0.03604722023010254,0.0018286705017089844,0.03796887397766113,0.001978158950805664,0.08304476737976074,0.0034351348876953125,0.09085488319396973,0.0037491321563720703,0.13910913467407227,0.005404949188232422,0.13538885116577148,0.005281209945678711,
0.006310939788818359,0.00057220458984375,0.012012004852294922,0.0007450580596923828,0.03730511665344238,0.0017709732055664062,0.03575396537780762,0.0017371177673339844,0.08176517486572266,0.0034170150756835938,0.09001970291137695,0.0037240982055664062,0.1387650966644287,0.005423784255981445,0.13503122329711914,0.005296945571899414,0.005949974060058594,0.0005409717559814453,0.007147073745727539,0.0005700588226318359,0.012317895889282227,0.0007653236389160156,0.018016815185546875,0.0010991096496582031,0.03746509552001953,0.0018918514251708984,0.038397789001464844,0.0019059181213378906,0.08162713050842285,0.0034329891204833984,0.08821582794189453,0.0038390159606933594,0.13666200637817383,0.005361795425415039,0.13491415977478027,0.005252838134765625,
0.0055429935455322266,0.0005500316619873047,0.011844158172607422,0.0007498264312744141,0.03691387176513672,0.0018191337585449219,0.03550291061401367,0.0017518997192382812,0.08947896957397461,0.0035009384155273438,0.0990290641784668,0.0037071704864501953,0.13637828826904297,0.0053369998931884766,0.13424897193908691,0.005270957946777344,0.005980968475341797,0.0005609989166259766,0.0062808990478515625,0.0005609989166259766,0.012423038482666016,0.0007658004760742188,0.017953157424926758,0.0011141300201416016,0.036923885345458984,0.0017430782318115234,0.0386509895324707,0.0019898414611816406,0.08469700813293457,0.003403902053833008,0.0895531177520752,0.003864765167236328,0.13569188117980957,0.005295276641845703,0.137037992477417,0.0052602291107177734,
0.005955219268798828,0.0005660057067871094,0.011828184127807617,0.0007359981536865234,0.03690195083618164,0.0018198490142822266,0.03604412078857422,0.0018150806427001953,0.0823049545288086,0.003446817398071289,0.08505916595458984,0.0036678314208984375,0.1353750228881836,0.005645036697387695,0.1357729434967041,0.005491971969604492,0.006116151809692383,0.0005609989166259766,0.006231069564819336,0.0005521774291992188,0.01235818862915039,0.0007548332214355469,0.0180509090423584,0.0011110305786132812,0.03710007667541504,0.0017609596252441406,0.03918266296386719,0.0019311904907226562,0.08365797996520996,0.003451108932495117,0.09010934829711914,0.003851652145385742,0.1360001564025879,0.005342006683349609,0.13559317588806152,0.0053598880767822266,
0.005800962448120117,0.0005500316619873047,0.011841058731079102,0.0007688999176025391,0.03857612609863281,0.001706838607788086,0.03569197654724121,0.0017590522766113281,0.10683584213256836,0.006807088851928711,0.08641409873962402,0.003607034683227539,0.13599371910095215,0.00529789924621582,0.1355881690979004,0.005357027053833008,0.005900859832763672,0.0005481243133544922,0.0060689449310302734,0.0005450248718261719,0.012249231338500977,0.0007517337799072266,0.01753401756286621,0.0011410713195800781,0.036978960037231445,0.0017840862274169922,0.03854203224182129,0.0018811225891113281,0.08264493942260742,0.003425121307373047,0.08922600746154785,0.0037200450897216797,0.13843297958374023,0.00543212890625,0.14558792114257812,0.007844924926757812,
0.005937814712524414,0.0005681514739990234,0.011722087860107422,0.0007350444793701172,0.03621983528137207,0.0018680095672607422,0.03597283363342285,0.0018172264099121094,0.08527207374572754,0.0035991668701171875,0.08596611022949219,0.003643035888671875,0.13309311866760254,0.005240678787231445,0.14024782180786133,0.005328178405761719,0.0067288875579833984,0.0005412101745605469,0.006281852722167969,0.0005502700805664062,0.01225900650024414,0.0007421970367431641,0.018265724182128906,0.0012922286987304688,0.0362091064453125,0.0017321109771728516,0.03905296325683594,0.0019941329956054688,0.08338308334350586,0.0034461021423339844,0.08934402465820312,0.0037832260131835938,0.13643169403076172,0.00548100471496582,0.16459894180297852,0.007718086242675781,
0.00666499137878418,0.0005800724029541016,0.01189279556274414,0.0008089542388916016,0.036364078521728516,0.0017809867858886719,0.03709578514099121,0.0019872188568115234,0.08345198631286621,0.0034618377685546875,0.08571481704711914,0.003606081008911133,0.1370410919189453,0.005318880081176758,0.13779902458190918,0.00546717643737793,0.00579524040222168,0.0005466938018798828,0.006418943405151367,0.0005679130554199219,0.01235198974609375,0.0007860660552978516,0.01796698570251465,0.0011479854583740234,0.03483271598815918,0.001714944839477539,0.037911176681518555,0.0019178390502929688,0.08191394805908203,0.0034880638122558594,0.08918905258178711,0.003813028335571289,0.1371781826019287,0.005527973175048828,0.1684260368347168,0.00583195686340332,
0.006176948547363281,0.0005838871002197266,0.01199197769165039,0.0007510185241699219,0.035842180252075195,0.0017619132995605469,0.036718130111694336,0.0017647743225097656,0.08168315887451172,0.003468751907348633,0.08492207527160645,0.0035648345947265625,0.13946795463562012,0.005274772644042969,0.1358809471130371,0.0053632259368896484,0.006392717361450195,0.0005831718444824219,0.0059931278228759766,0.0005769729614257812,0.011890888214111328,0.0007450580596923828,0.018465042114257812,0.0011529922485351562,0.03739428520202637,0.0017287731170654297,0.03802919387817383,0.0019161701202392578,0.08301901817321777,0.003419160842895508,0.08932781219482422,0.0037882328033447266,0.13628411293029785,0.005301952362060547,0.1635730266571045,0.005566835403442383,
0.00563812255859375,0.0005691051483154297,0.012130975723266602,0.0009319782257080078,0.03628897666931152,0.0017170906066894531,0.03571891784667969,0.001806020736694336,0.0824880599975586,0.0034589767456054688,0.08394026756286621,0.0036399364471435547,0.13537192344665527,0.005320072174072266,0.1361372470855713,0.005409717559814453,0.006106853485107422,0.0005578994750976562,0.0062940120697021484,0.0005478858947753906,0.012742757797241211,0.00080108642578125,0.01906108856201172,0.0011839866638183594,0.036000967025756836,0.0018010139465332031,0.0385589599609375,0.0019068717956542969,0.08230304718017578,0.0034809112548828125,0.09018278121948242,0.0037140846252441406,0.13656401634216309,0.005263805389404297,0.1458110809326172,0.005669116973876953,
0.006428956985473633,0.0005481243133544922,0.011698007583618164,0.0007650852203369141,0.03627181053161621,0.0017180442810058594,0.036527156829833984,0.0017647743225097656,0.08180475234985352,0.0033931732177734375,0.08551669120788574,0.003628969192504883,0.13681530952453613,0.005509853363037109,0.1360340118408203,0.005341291427612305,0.005856037139892578,0.00055694580078125,0.006112575531005859,0.0005412101745605469,0.013182878494262695,0.0007810592651367188,0.018738746643066406,0.001190185546875,0.03659987449645996,0.0017290115356445312,0.039417266845703125,0.0019478797912597656,0.08390307426452637,0.003401041030883789,0.08963894844055176,0.00370025634765625,0.13684892654418945,0.005309104919433594,0.14423680305480957,0.005700111389160156,
0.005903959274291992,0.0005450248718261719,0.011992931365966797,0.0007498264312744141,0.035835981369018555,0.0017290115356445312,0.036689043045043945,0.001806020736694336,0.0821230411529541,0.003465890884399414,0.08574509620666504,0.0037958621978759766,0.13525605201721191,0.005515098571777344,0.13664937019348145,0.005287885665893555,0.0063669681549072266,0.0006051063537597656,0.00608515739440918,0.0005419254302978516,0.01202702522277832,0.0010530948638916016,0.01832294464111328,0.0016400814056396484,0.037078857421875,0.0018050670623779297,0.038758039474487305,0.001973867416381836,0.08272075653076172,0.0035102367401123047,0.08999800682067871,0.0037581920623779297,0.13736772537231445,0.005351066589355469,0.15339183807373047,0.006128072738647461,
0.0059702396392822266,0.0005917549133300781,0.012498140335083008,0.0007638931274414062,0.0361180305480957,0.0018329620361328125,0.03631424903869629,0.0017688274383544922,0.08149123191833496,0.0034568309783935547,0.0862128734588623,0.0037508010864257812,0.13567066192626953,0.005352973937988281,0.13627195358276367,0.005286216735839844,0.006148099899291992,0.0005528926849365234,0.006360054016113281,0.0005519390106201172,0.012386083602905273,0.0007588863372802734,0.01795673370361328,0.0011210441589355469,0.036293983459472656,0.0017609596252441406,0.03930497169494629,0.002043008804321289,0.08246493339538574,0.0034942626953125,0.08930802345275879,0.0037889480590820312,0.13731884956359863,0.0054569244384765625,0.14756083488464355,0.005942106246948242,
0.005770206451416016,0.0005509853363037109,0.011338949203491211,0.0007359981536865234,0.03637290000915527,0.0017809867858886719,0.036776065826416016,0.0017571449279785156,0.08210301399230957,0.003422975540161133,0.08597922325134277,0.0036280155181884766,0.13589119911193848,0.005738019943237305,0.13616514205932617,0.005240201950073242,0.006329059600830078,0.0005497932434082031,0.006445884704589844,0.0005900859832763672,0.012471914291381836,0.0007610321044921875,0.018355131149291992,0.0011861324310302734,0.03675580024719238,0.0018341541290283203,0.03990983963012695,0.0019330978393554688,0.08320283889770508,0.0034971237182617188,0.09029698371887207,0.0037038326263427734,0.1373751163482666,0.005304098129272461,0.14870071411132812,0.006493091583251953,
0.005769014358520508,0.0005590915679931641,0.011235237121582031,0.0007588863372802734,0.03602313995361328,0.0017609596252441406,0.03622293472290039,0.0017790794372558594,0.08240509033203125,0.0036058425903320312,0.0866079330444336,0.0036630630493164062,0.13630008697509766,0.005235910415649414,0.227280855178833,0.0052759647369384766,0.00611114501953125,0.0005519390106201172,0.0065460205078125,0.0005621910095214844,0.012428045272827148,0.0007610321044921875,0.01766824722290039,0.0011188983917236328,0.036891937255859375,0.0018911361694335938,0.03831887245178223,0.001918792724609375,0.08305001258850098,0.0034329891204833984,0.18239688873291016,0.003840923309326172,0.13647103309631348,0.0053441524505615234,0.14493203163146973,0.005290031433105469,
0.006020069122314453,0.0005750656127929688,0.011970996856689453,0.0008351802825927734,0.03626394271850586,0.0017409324645996094,0.035056114196777344,0.0017359256744384766,0.08343076705932617,0.0034172534942626953,0.0859379768371582,0.0037190914154052734,0.1369330883026123,0.0052912235260009766,0.1347191333770752,0.005342245101928711,0.0064029693603515625,0.0005829334259033203,0.006211042404174805,0.0005509853363037109,0.012299060821533203,0.0007469654083251953,0.01790595054626465,0.0011479854583740234,0.03718900680541992,0.001744985580444336,0.0392911434173584,0.001971006393432617,0.08349823951721191,0.0034377574920654297,0.0899510383605957,0.003972053527832031,0.13721513748168945,0.005502939224243164,0.13918089866638184,0.0053141117095947266,
0.00616002082824707,0.0005660057067871094,0.012140989303588867,0.0007729530334472656,0.03663516044616699,0.0017478466033935547,0.036633968353271484,0.0017368793487548828,0.08203697204589844,0.0034596920013427734,0.08586597442626953,0.003643035888671875,0.13615059852600098,0.005438327789306641,0.1363081932067871,0.005285978317260742,0.006003856658935547,0.0005490779876708984,0.007052183151245117,0.0005691051483154297,0.012692928314208984,0.0007879734039306641,0.018296003341674805,0.0010941028594970703,0.037567853927612305,0.0017299652099609375,0.03823518753051758,0.0019071102142333984,0.08347606658935547,0.0034322738647460938,0.0896449089050293,0.003715038299560547,0.1386430263519287,0.005352020263671875,0.13769006729125977,0.005611896514892578,
0.006094932556152344,0.0005660057067871094,0.01217508316040039,0.0007309913635253906,0.03590798377990723,0.0018711090087890625,0.03646421432495117,0.0019068717956542969,0.08284687995910645,0.003493070602416992,0.08547616004943848,0.003721952438354492,0.1359081268310547,0.0052340030670166016,0.13598418235778809,0.005322694778442383,0.00586700439453125,0.0005598068237304688,0.006218910217285156,0.0005691051483154297,0.012529850006103516,0.000759124755859375,0.017512083053588867,0.0011551380157470703,0.036309003829956055,0.0017287731170654297,0.038690805435180664,0.0019290447235107422,0.08242917060852051,0.0034651756286621094,0.08766794204711914,0.0038139820098876953,0.13778400421142578,0.005347013473510742,0.14060091972351074,0.0059359073638916016,
0.005780220031738281,0.0005478858947753906,0.011955976486206055,0.0007431507110595703,0.036309003829956055,0.0018010139465332031,0.0363459587097168,0.0017538070678710938,0.08185911178588867,0.003532886505126953,0.08780193328857422,0.003679990768432617,0.1342179775238037,0.005438327789306641,0.13562297821044922,0.005240917205810547,0.006349802017211914,0.00057220458984375,0.006533145904541016,0.0005879402160644531,0.011433124542236328,0.0007369518280029297,0.01794886589050293,0.0011360645294189453,0.03636765480041504,0.0017371177673339844,0.03924298286437988,0.001909017562866211,0.08210372924804688,0.003414154052734375,0.08997011184692383,0.0037720203399658203,0.1364898681640625,0.005274295806884766,0.14597797393798828,0.006118059158325195,
0.005593061447143555,0.0005502700805664062,0.011691093444824219,0.0007390975952148438,0.0365750789642334,0.001817941665649414,0.036290884017944336,0.0017330646514892578,0.0818490982055664,0.003498077392578125,0.0854649543762207,0.0036308765411376953,0.1372370719909668,0.005218982696533203,0.13690686225891113,0.0053882598876953125,0.006373882293701172,0.0005640983581542969,0.0062999725341796875,0.0005471706390380859,0.012684822082519531,0.0007781982421875,0.018561124801635742,0.001149892807006836,0.03607296943664551,0.0017142295837402344,0.039363861083984375,0.002007007598876953,0.08197712898254395,0.0034639835357666016,0.08986711502075195,0.003942966461181641,0.13558602333068848,0.005376100540161133,0.1476149559020996,0.0057790279388427734,
0.005944013595581055,0.0005578994750976562,0.011758804321289062,0.0007443428039550781,0.036158084869384766,0.0018270015716552734,0.03611421585083008,0.0017528533935546875,0.08218598365783691,0.0035021305084228516,0.08502483367919922,0.0035829544067382812,0.13797307014465332,0.005348920822143555,0.13631796836853027,0.005259990692138672,0.006824016571044922,0.0005407333374023438,0.0062029361724853516,0.0005538463592529297,0.01218414306640625,0.0007500648498535156,0.017994165420532227,0.0011167526245117188,0.035830020904541016,0.0017459392547607422,0.038292884826660156,0.0019578933715820312,0.08225607872009277,0.0034759044647216797,0.089691162109375,0.003780841827392578,0.13663697242736816,0.005568981170654297,0.1400010585784912,0.005625247955322266,
0.005584716796875,0.0005509853363037109,0.011854887008666992,0.0007340908050537109,0.03664374351501465,0.0018050670623779297,0.03576397895812988,0.001734018325805664,0.08362793922424316,0.003743886947631836,0.0856177806854248,0.0035881996154785156,0.1369631290435791,0.005363941192626953,0.1365799903869629,0.005404233932495117,0.005795001983642578,0.0005459785461425781,0.006572723388671875,0.0006361007690429688,0.01286005973815918,0.0007579326629638672,0.018451929092407227,0.0012061595916748047,0.03614211082458496,0.0017628669738769531,0.03818702697753906,0.0019271373748779297,0.08281588554382324,0.003362894058227539,0.09050297737121582,0.0037949085235595703,0.13506221771240234,0.005265712738037109,0.13884282112121582,0.005552053451538086,
0.005984067916870117,0.0006668567657470703,0.011878728866577148,0.0007371902465820312,0.03668403625488281,0.0019178390502929688,0.036932945251464844,0.0018129348754882812,0.08584904670715332,0.0034530162811279297,0.08438515663146973,0.0035948753356933594,0.13576006889343262,0.005243778228759766,0.13651800155639648,0.005318880081176758,0.005961894989013672,0.0005402565002441406,0.006258964538574219,0.0005679130554199219,0.011897802352905273,0.0007660388946533203,0.0185089111328125,0.0011148452758789062,0.03734922409057617,0.0017709732055664062,0.037799835205078125,0.0019049644470214844,0.08500504493713379,0.003407716751098633,0.09013628959655762,0.003786802291870117,0.13680005073547363,0.0052187442779541016,0.13982892036437988,0.00540614128112793,
0.00602412223815918,0.0005676746368408203,0.014081001281738281,0.0010449886322021484,0.036225080490112305,0.001772165298461914,0.03634309768676758,0.00177001953125,0.0827481746673584,0.0034818649291992188,0.08546590805053711,0.0036232471466064453,0.13732194900512695,0.005346059799194336,0.13640213012695312,0.006186962127685547,0.006345987319946289,0.0005791187286376953,0.0067310333251953125,0.0005528926849365234,0.012057065963745117,0.0007450580596923828,0.01862025260925293,0.0011410713195800781,0.03572988510131836,0.0018010139465332031,0.0381779670715332,0.0019042491912841797,0.08246493339538574,0.0035080909729003906,0.09258794784545898,0.0038001537322998047,0.13555407524108887,0.005289793014526367,0.14012694358825684,0.00557708740234375,
0.005921840667724609,0.0005769729614257812,0.01587820053100586,0.0008487701416015625,0.03610968589782715,0.0017883777618408203,0.03655600547790527,0.0017421245574951172,0.08318018913269043,0.003520965576171875,0.08647489547729492,0.0036649703979492188,0.13602495193481445,0.005425214767456055,0.1401231288909912,0.005343914031982422,0.006308794021606445,0.0005471706390380859,0.006117105484008789,0.0005571842193603516,0.012079954147338867,0.0007789134979248047,0.01780986785888672,0.0011379718780517578,0.03719592094421387,0.0017690658569335938,0.038880109786987305,0.0019257068634033203,0.08320832252502441,0.0034317970275878906,0.0898280143737793,0.003798961639404297,0.1369340419769287,0.00540614128112793,0.13890600204467773,0.005370140075683594,
0.006413936614990234,0.0005648136138916016,0.01235508918762207,0.0007679462432861328,0.03661608695983887,0.001837015151977539,0.037017822265625,0.0017940998077392578,0.08242511749267578,0.0034797191619873047,0.08473968505859375,0.0036153793334960938,0.13661503791809082,0.0052721500396728516,0.13660097122192383,0.005288839340209961,0.005991935729980469,0.0005490779876708984,0.006002902984619141,0.0005528926849365234,0.01194000244140625,0.0007560253143310547,0.01837897300720215,0.001146078109741211,0.036939144134521484,0.0017740726470947266,0.0388028621673584,0.0019562244415283203,0.0823678970336914,0.0033969879150390625,0.09068083763122559,0.004118919372558594,0.13925600051879883,0.005396842956542969,0.13710474967956543,0.005734920501708984,
0.0058901309967041016,0.0005550384521484375,0.012008905410766602,0.0007450580596923828,0.03682112693786621,0.0018239021301269531,0.035668134689331055,0.0017518997192382812,0.08256816864013672,0.003526926040649414,0.08450031280517578,0.0036759376525878906,0.1372230052947998,0.005311012268066406,0.13572287559509277,0.005372285842895508,0.006330966949462891,0.0005509853363037109,0.006349086761474609,0.0005466938018798828,0.012472867965698242,0.0007519721984863281,0.018479108810424805,0.0011429786682128906,0.03606390953063965,0.0017528533935546875,0.038224220275878906,0.001920938491821289,0.08284902572631836,0.0034749507904052734,0.08776593208312988,0.003777027130126953,0.13598394393920898,0.005412101745605469,0.13953709602355957,0.005713939666748047,
0.005681276321411133,0.0005469322204589844,0.01213526725769043,0.0007419586181640625,0.0362091064453125,0.001756906509399414,0.03719186782836914,0.0017859935760498047,0.08332395553588867,0.0035119056701660156,0.08388400077819824,0.003597736358642578,0.1361987590789795,0.0052149295806884766,0.13553714752197266,0.005362749099731445,0.006222963333129883,0.0005488395690917969,0.006356954574584961,0.000553131103515625,0.012974262237548828,0.0007789134979248047,0.0176241397857666,0.0011219978332519531,0.036930084228515625,0.0017499923706054688,0.038932085037231445,0.001931905746459961,0.08277320861816406,0.003451108932495117,0.09071898460388184,0.0038580894470214844,0.14004898071289062,0.00522613525390625,0.13943982124328613,0.005479335784912109,
0.006200075149536133,0.000576019287109375,0.012279748916625977,0.0007810592651367188,0.03610491752624512,0.0018520355224609375,0.03631782531738281,0.0018131732940673828,0.08408308029174805,0.003453969955444336,0.08486795425415039,0.0036051273345947266,0.13401269912719727,0.005262136459350586,0.13513898849487305,0.005375862121582031,0.006170034408569336,0.0005409717559814453,0.006368875503540039,0.0005490779876708984,0.012228012084960938,0.0007510185241699219,0.018763065338134766,0.0011341571807861328,0.03769183158874512,0.0017511844635009766,0.03886818885803223,0.001889944076538086,0.08250713348388672,0.0034859180450439453,0.09023308753967285,0.003815889358520508,0.13683700561523438,0.005316019058227539,0.14179587364196777,0.0056188106536865234,
0.004821062088012695,0.0005619525909423828,0.013529062271118164,0.00102996826171875,0.036128997802734375,0.0018811225891113281,0.035768747329711914,0.0017211437225341797,0.08162713050842285,0.0034377574920654297,0.0863637924194336,0.003622293472290039,0.13875770568847656,0.0053942203521728516,0.1408548355102539,0.005761861801147461,0.005988121032714844,0.0005400180816650391,0.006545066833496094,0.0005631446838378906,0.012058258056640625,0.0007500648498535156,0.018013954162597656,0.0011310577392578125,0.036634206771850586,0.0017757415771484375,0.03905606269836426,0.0021049976348876953,0.08251070976257324,0.0034639835357666016,0.08858275413513184,0.0038111209869384766,0.13725709915161133,0.00522613525390625,0.13794612884521484,0.005610942840576172,
0.005967855453491211,0.0005741119384765625,0.012542009353637695,0.0007688999176025391,0.03659677505493164,0.0018379688262939453,0.03754019737243652,0.0018138885498046875,0.0807657241821289,0.003425121307373047,0.08447694778442383,0.0035948753356933594,0.13608312606811523,0.005375862121582031,0.13849091529846191,0.005343914031982422,0.005860805511474609,0.0005393028259277344,0.00754094123840332,0.0005488395690917969,0.011962175369262695,0.0007448196411132812,0.017563819885253906,0.0011172294616699219,0.03668403625488281,0.0017290115356445312,0.03851795196533203,0.0019290447235107422,0.08315014839172363,0.00339508056640625,0.08892178535461426,0.003814220428466797,0.13528704643249512,0.005330801010131836,0.1424400806427002,0.005412101745605469,
0.0057489871978759766,0.0005681514739990234,0.012937307357788086,0.0007739067077636719,0.03715705871582031,0.0018100738525390625,0.036006927490234375,0.0018281936645507812,0.08242917060852051,0.003504037857055664,0.08549976348876953,0.003662109375,0.1358928680419922,0.005316972732543945,0.135178804397583,0.00534510612487793,0.006005048751831055,0.0005409717559814453,0.006368875503540039,0.0005528926849365234,0.01169586181640625,0.0007531642913818359,0.017525196075439453,0.0014688968658447266,0.035481929779052734,0.0017352104187011719,0.03873586654663086,0.0019078254699707031,0.08323979377746582,0.0034618377685546875,0.08959102630615234,0.0037441253662109375,0.1363828182220459,0.005370140075683594,0.13900327682495117,0.005423069000244141,
0.00622105598449707,0.0005829334259033203,0.012089014053344727,0.0009109973907470703,0.03696298599243164,0.0018169879913330078,0.03705120086669922,0.001798868179321289,0.0844888687133789,0.0034732818603515625,0.0858159065246582,0.003713846206665039,0.13926005363464355,0.005393028259277344,0.13710689544677734,0.005471944808959961,0.006323814392089844,0.000553131103515625,0.006021022796630859,0.0005698204040527344,0.012712955474853516,0.00078582763671875,0.017924070358276367,0.0011730194091796875,0.03657078742980957,0.0017919540405273438,0.03895401954650879,0.0019729137420654297,0.0830683708190918,0.0034797191619873047,0.09070801734924316,0.003804922103881836,0.13575387001037598,0.005279064178466797,0.14025115966796875,0.0055179595947265625,
0.0060770511627197266,0.0005681514739990234,0.012254953384399414,0.0007469654083251953,0.03732705116271973,0.0018439292907714844,0.03597903251647949,0.0017881393432617188,0.08294415473937988,0.0034978389739990234,0.08462405204772949,0.0035698413848876953,0.13462591171264648,0.005303859710693359,0.13543295860290527,0.0053081512451171875,0.0064318180084228516,0.0005671977996826172,0.006090879440307617,0.0005471706390380859,0.012445211410522461,0.0007648468017578125,0.018480777740478516,0.0010979175567626953,0.035981178283691406,0.0017359256744384766,0.03913712501525879,0.0019190311431884766,0.08273100852966309,0.0035750865936279297,0.0908958911895752,0.0037419795989990234,0.13646912574768066,0.005289793014526367,0.13834714889526367,0.0054779052734375,
0.006215810775756836,0.0005571842193603516,0.012098073959350586,0.000762939453125,0.03519797325134277,0.001766204833984375,0.03679704666137695,0.0018198490142822266,0.08114790916442871,0.003518819808959961,0.08588027954101562,0.003616809844970703,0.13754820823669434,0.005333900451660156,0.1360337734222412,0.0053920745849609375,0.006604194641113281,0.0005617141723632812,0.006433010101318359,0.0005512237548828125,0.012310981750488281,0.00074005126953125,0.01837611198425293,0.0012140274047851562,0.03725600242614746,0.0017800331115722656,0.03848600387573242,0.0020189285278320312,0.0842437744140625,0.0035619735717773438,0.09003639221191406,0.0037348270416259766,0.1348259449005127,0.005394935607910156,0.13956308364868164,0.005772113800048828,
0.005543231964111328,0.0005459785461425781,0.013402938842773438,0.0007622241973876953,0.03576397895812988,0.0018160343170166016,0.03606724739074707,0.0017518997192382812,0.08214402198791504,0.0034492015838623047,0.08470511436462402,0.0037260055541992188,0.13848090171813965,0.0054950714111328125,0.13639593124389648,0.005313873291015625,0.006233930587768555,0.0005538463592529297,0.006292819976806641,0.0005550384521484375,0.01195073127746582,0.0007669925689697266,0.01834392547607422,0.001132965087890625,0.03862786293029785,0.0017719268798828125,0.03946208953857422,0.0019049644470214844,0.08259773254394531,0.003467082977294922,0.10109305381774902,0.003919839859008789,0.1463019847869873,0.005661964416503906,0.13990521430969238,0.0055730342864990234,
0.005533933639526367,0.0005528926849365234,0.012846708297729492,0.0007562637329101562,0.035939931869506836,0.0018050670623779297,0.03562307357788086,0.001750946044921875,0.08255195617675781,0.003445863723754883,0.0843510627746582,0.0036878585815429688,0.1411759853363037,0.005743980407714844,0.13587307929992676,0.005245208740234375,0.006222963333129883,0.0005440711975097656,0.0064051151275634766,0.0006039142608642578,0.012045860290527344,0.0007569789886474609,0.018405914306640625,0.0019099712371826172,0.036141157150268555,0.001728057861328125,0.039118051528930664,0.0018889904022216797,0.08356094360351562,0.003525257110595703,0.09068012237548828,0.0037598609924316406,0.13622498512268066,0.005383968353271484,0.13993191719055176,0.005734920501708984,
0.006298065185546875,0.0005819797515869141,0.013101816177368164,0.0007610321044921875,0.036128997802734375,0.0017547607421875,0.03609895706176758,0.0017361640930175781,0.08284878730773926,0.003573894500732422,0.08482813835144043,0.003592967987060547,0.138444185256958,0.005365848541259766,0.13674640655517578,0.005287885665893555,0.006165981292724609,0.0005970001220703125,0.006424903869628906,0.0005671977996826172,0.01213526725769043,0.0007507801055908203,0.018237829208374023,0.001154184341430664,0.036409854888916016,0.0018961429595947266,0.03836989402770996,0.0019483566284179688,0.08182787895202637,0.0034830570220947266,0.09288311004638672,0.003721952438354492,0.13514328002929688,0.005217790603637695,0.13863015174865723,0.00539398193359375,
0.0054950714111328125,0.000614166259765625,0.012212991714477539,0.0008838176727294922,0.036062002182006836,0.0018470287322998047,0.03610801696777344,0.0017380714416503906,0.08248281478881836,0.003564119338989258,0.08597087860107422,0.0036401748657226562,0.1386728286743164,0.005300998687744141,0.13593196868896484,0.005439043045043945,0.0070111751556396484,0.0005660057067871094,0.0058476924896240234,0.0005612373352050781,0.012603998184204102,0.0007817745208740234,0.01837015151977539,0.0011947154998779297,0.0367431640625,0.0017440319061279297,0.038555145263671875,0.0019099712371826172,0.08434295654296875,0.00345611572265625,0.09101510047912598,0.0038127899169921875,0.13697218894958496,0.0053501129150390625,0.14041805267333984,0.0054547786712646484,
0.006063938140869141,0.0005900859832763672,0.01168203353881836,0.0009438991546630859,0.03645586967468262,0.0018169879913330078,0.03514695167541504,0.0017857551574707031,0.08210420608520508,0.0034728050231933594,0.0879068374633789,0.003604888916015625,0.1366269588470459,0.005274057388305664,0.1366891860961914,0.0053598880767822266,0.0064849853515625,0.0006427764892578125,0.006190061569213867,0.000553131103515625,0.012619972229003906,0.0007929801940917969,0.018238306045532227,0.0012297630310058594,0.03729724884033203,0.0017547607421875,0.03899502754211426,0.001889944076538086,0.08410310745239258,0.003412008285522461,0.09005475044250488,0.0038881301879882812,0.1356649398803711,0.005304813385009766,0.1400740146636963,0.005530118942260742,
0.006558895111083984,0.0005791187286376953,0.012121200561523438,0.0007739067077636719,0.03728604316711426,0.0018799304962158203,0.036550283432006836,0.0018696784973144531,0.08206009864807129,0.003493070602416992,0.08467698097229004,0.0036230087280273438,0.13771700859069824,0.005419015884399414,0.13666987419128418,0.00532984733581543,0.007336139678955078,0.000553131103515625,0.006329059600830078,0.0005598068237304688,0.012423038482666016,0.0007531642913818359,0.020659208297729492,0.0011327266693115234,0.037026166915893555,0.001817941665649414,0.03867697715759277,0.001882791519165039,0.08319687843322754,0.003421783447265625,0.08988070487976074,0.003831148147583008,0.13811087608337402,0.005236387252807617,0.13991785049438477,0.005379915237426758,
0.005823850631713867,0.000553131103515625,0.012482881546020508,0.0007569789886474609,0.03647899627685547,0.001850128173828125,0.03620719909667969,0.001756906509399414,0.08095264434814453,0.003441333770751953,0.08649897575378418,0.0036649703979492188,0.1396770477294922,0.005749940872192383,0.13625288009643555,0.005339145660400391,0.0065381526947021484,0.0005428791046142578,0.006413936614990234,0.0005650520324707031,0.012216806411743164,0.0007610321044921875,0.018294095993041992,0.0011599063873291016,0.03637218475341797,0.0017368793487548828,0.03981208801269531,0.0019600391387939453,0.0850670337677002,0.00362396240234375,0.09112906455993652,0.003922939300537109,0.13970518112182617,0.006371021270751953,0.1406857967376709,0.005680084228515625,
0.0054492950439453125,0.0005576610565185547,0.01235508918762207,0.0007610321044921875,0.036325931549072266,0.001741170883178711,0.03562307357788086,0.0017559528350830078,0.08296775817871094,0.0035021305084228516,0.08582305908203125,0.0036988258361816406,0.139664888381958,0.005400180816650391,0.1349329948425293,0.005432605743408203,0.006040096282958984,0.0005288124084472656,0.006144046783447266,0.0005681514739990234,0.012529850006103516,0.00080108642578125,0.018121004104614258,0.0011379718780517578,0.036209821701049805,0.0018398761749267578,0.03932023048400879,0.0018799304962158203,0.10698294639587402,0.0034117698669433594,0.09011602401733398,0.0038437843322753906,0.14080405235290527,0.005215167999267578,0.14059996604919434,0.005567073822021484,
0.006413936614990234,0.0005910396575927734,0.012398719787597656,0.0010151863098144531,0.035941123962402344,0.0017347335815429688,0.03652000427246094,0.0017659664154052734,0.08383417129516602,0.0034608840942382812,0.08649682998657227,0.003612995147705078,0.13472509384155273,0.005321025848388672,0.13505887985229492,0.0053522586822509766,0.0062029361724853516,0.0005450248718261719,0.006348609924316406,0.0005593299865722656,0.012351036071777344,0.0007531642913818359,0.017976999282836914,0.0011849403381347656,0.03680896759033203,0.0017230510711669922,0.03806018829345703,0.0018949508666992188,0.1578841209411621,0.006175994873046875,0.09081292152404785,0.003790140151977539,0.13700294494628906,0.005403995513916016,0.14051485061645508,0.005499124526977539,
0.00619196891784668,0.0005779266357421875,0.012181997299194336,0.0007510185241699219,0.03657793998718262,0.0017840862274169922,0.03646373748779297,0.0017740726470947266,0.0811760425567627,0.003425121307373047,0.08584213256835938,0.0037009716033935547,0.138045072555542,0.0053060054779052734,0.13646388053894043,0.005445718765258789,0.006369113922119141,0.0005469322204589844,0.00634002685546875,0.0005571842193603516,0.01234292984008789,0.000759124755859375,0.017843008041381836,0.0011138916015625,0.03767514228820801,0.0017578601837158203,0.03823995590209961,0.001920938491821289,0.2129371166229248,0.005535125732421875,0.08932781219482422,0.0038611888885498047,0.1374800205230713,0.005328178405761719,0.1394190788269043,0.005464076995849609,
0.006748199462890625,0.000576019287109375,0.012691020965576172,0.0008938312530517578,0.03662276268005371,0.0018291473388671875,0.03643918037414551,0.0017478466033935547,0.08269691467285156,0.003557920455932617,0.08625102043151855,0.0037958621978759766,0.13740992546081543,0.005568027496337891,0.13605713844299316,0.00529789924621582,0.006412029266357422,0.0005669593811035156,0.006451845169067383,0.0005781650543212891,0.012746810913085938,0.0007560253143310547,0.018129825592041016,0.0011489391326904297,0.03690505027770996,0.001722097396850586,0.03799009323120117,0.0019330978393554688,0.11455082893371582,0.004605293273925781,0.0899960994720459,0.003982067108154297,0.13629794120788574,0.005281209945678711,0.13997483253479004,0.00564885139465332,
0.005692958831787109,0.0005550384521484375,0.012096166610717773,0.0007519721984863281,0.03715777397155762,0.0017709732055664062,0.03710222244262695,0.0017910003662109375,0.08224225044250488,0.0034890174865722656,0.08534669876098633,0.003637075424194336,0.14095497131347656,0.0053119659423828125,0.13449597358703613,0.005259037017822266,0.006225109100341797,0.0005719661712646484,0.006788969039916992,0.0005779266357421875,0.011954784393310547,0.000759124755859375,0.018218994140625,0.0011210441589355469,0.03623509407043457,0.0017588138580322266,0.03852963447570801,0.0019321441650390625,0.0922238826751709,0.004386186599731445,0.09001994132995605,0.0038170814514160156,0.1355578899383545,0.0053560733795166016,0.139876127243042,0.005445957183837891,
0.0061681270599365234,0.0005469322204589844,0.012255191802978516,0.00074005126953125,0.03661012649536133,0.0018069744110107422,0.03555774688720703,0.0017850399017333984,0.0816798210144043,0.003452301025390625,0.08449721336364746,0.003621816635131836,0.13533473014831543,0.005465269088745117,0.13596010208129883,0.005174160003662109,0.006627082824707031,0.0006437301635742188,0.006624698638916016,0.0005910396575927734,0.01224517822265625,0.0007688999176025391,0.018270015716552734,0.0011928081512451172,0.0363311767578125,0.001748800277709961,0.03842806816101074,0.0019669532775878906,0.11098766326904297,0.003704071044921875,0.09015321731567383,0.003735780715942383,0.13576865196228027,0.005609989166259766,0.13862013816833496,0.005293846130371094,
0.005784034729003906,0.0005519390106201172,0.012539863586425781,0.0008189678192138672,0.035433053970336914,0.0017447471618652344,0.03618192672729492,0.0017528533935546875,0.08102679252624512,0.0034279823303222656,0.0851590633392334,0.0035848617553710938,0.13645601272583008,0.0052988529205322266,0.1354520320892334,0.005327939987182617,0.006657838821411133,0.0005860328674316406,0.0066721439361572266,0.0007317066192626953,0.011717081069946289,0.0007750988006591797,0.017927169799804688,0.0011510848999023438,0.03669309616088867,0.0017380714416503906,0.041335105895996094,0.0021140575408935547,0.09030699729919434,0.0037779808044433594,0.09012913703918457,0.0037620067596435547,0.1381511688232422,0.005575895309448242,0.14137506484985352,0.005735874176025391,
0.005947113037109375,0.0005538463592529297,0.012346982955932617,0.0007660388946533203,0.03674817085266113,0.0017631053924560547,0.03625202178955078,0.001741170883178711,0.08248376846313477,0.003511190414428711,0.08485794067382812,0.0035829544067382812,0.1354217529296875,0.005240201950073242,0.13581299781799316,0.0052280426025390625,0.00637507438659668,0.0005338191986083984,0.006670951843261719,0.0005941390991210938,0.012027263641357422,0.0007538795471191406,0.01808309555053711,0.0011148452758789062,0.03696894645690918,0.001734018325805664,0.04114103317260742,0.0020449161529541016,0.08331012725830078,0.003571033477783203,0.08903884887695312,0.0038051605224609375,0.13588786125183105,0.005462169647216797,0.13951587677001953,0.005724191665649414,
0.005796909332275391,0.0005381107330322266,0.011729955673217773,0.0007622241973876953,0.03608393669128418,0.0017669200897216797,0.03638005256652832,0.0018379688262939453,0.08286380767822266,0.0034780502319335938,0.08507895469665527,0.003947019577026367,0.13629579544067383,0.005321979522705078,0.1359717845916748,0.0058019161224365234,0.006516933441162109,0.0005507469177246094,0.005708932876586914,0.000576019287109375,0.012484073638916016,0.0007779598236083984,0.017529010772705078,0.0012969970703125,0.037136077880859375,0.0017888545989990234,0.03787112236022949,0.0019021034240722656,0.08404898643493652,0.003423929214477539,0.08995819091796875,0.003761768341064453,0.13690972328186035,0.005282163619995117,0.14139413833618164,0.005549907684326172,
0.005886077880859375,0.00055694580078125,0.011655807495117188,0.0007469654083251953,0.0355381965637207,0.0017838478088378906,0.03587508201599121,0.0017697811126708984,0.08255577087402344,0.0033822059631347656,0.08810305595397949,0.0037140846252441406,0.1356649398803711,0.005384922027587891,0.13589000701904297,0.005301952362060547,0.005998134613037109,0.0005619525909423828,0.00696110725402832,0.0005807876586914062,0.012614011764526367,0.0007569789886474609,0.018204927444458008,0.0011708736419677734,0.036743879318237305,0.0017459392547607422,0.037856101989746094,0.001909017562866211,0.08420395851135254,0.003720998764038086,0.08931088447570801,0.0037589073181152344,0.13512516021728516,0.005312919616699219,0.14006519317626953,0.005572080612182617,
0.0057871341705322266,0.000537872314453125,0.012442827224731445,0.00075531005859375,0.03698992729187012,0.0017740726470947266,0.03640103340148926,0.0017809867858886719,0.0825951099395752,0.0036008358001708984,0.0865478515625,0.003789186477661133,0.13550806045532227,0.0057220458984375,0.13579392433166504,0.005375862121582031,0.00651097297668457,0.0005769729614257812,0.006215333938598633,0.0005538463592529297,0.012544870376586914,0.0007619857788085938,0.018548250198364258,0.001142740249633789,0.03745698928833008,0.0017490386962890625,0.03798484802246094,0.001878976821899414,0.0904538631439209,0.0034389495849609375,0.10232329368591309,0.003734111785888672,0.13598108291625977,0.005341053009033203,0.14329814910888672,0.005554914474487305,
0.006264686584472656,0.0006279945373535156,0.012302637100219727,0.0007321834564208984,0.03676795959472656,0.0017888545989990234,0.035552024841308594,0.0017590522766113281,0.08183622360229492,0.003452777862548828,0.08375668525695801,0.0036590099334716797,0.13641810417175293,0.005422830581665039,0.13432598114013672,0.00524592399597168,0.006279945373535156,0.0005500316619873047,0.00598597526550293,0.0005557537078857422,0.01236724853515625,0.0007638931274414062,0.017897367477416992,0.0011258125305175781,0.040979862213134766,0.0017421245574951172,0.0383448600769043,0.0018680095672607422,0.08284401893615723,0.0034589767456054688,0.0905752182006836,0.003914833068847656,0.13716506958007812,0.0055768489837646484,0.14046168327331543,0.0059168338775634766,
0.006007194519042969,0.0005581378936767578,0.012426137924194336,0.0007607936859130859,0.03675198554992676,0.0017750263214111328,0.03579902648925781,0.0017619132995605469,0.08225822448730469,0.0035479068756103516,0.08520030975341797,0.0036411285400390625,0.1400289535522461,0.005707979202270508,0.1373429298400879,0.005302906036376953,0.006114006042480469,0.000553131103515625,0.006237983703613281,0.0005371570587158203,0.012177228927612305,0.0007450580596923828,0.018118858337402344,0.0011181831359863281,0.03737974166870117,0.001779317855834961,0.03856301307678223,0.0019440650939941406,0.08391880989074707,0.003459930419921875,0.09051799774169922,0.0037717819213867188,0.13499808311462402,0.00539708137512207,0.1401069164276123,0.0053441524505615234,
0.006175041198730469,0.0005612373352050781,0.012480974197387695,0.0007600784301757812,0.03646683692932129,0.0017771720886230469,0.03673815727233887,0.0017368793487548828,0.08239293098449707,0.0034630298614501953,0.08428287506103516,0.003740072250366211,0.13702702522277832,0.005290985107421875,0.13759183883666992,0.0052912235260009766,0.007077217102050781,0.0005459785461425781,0.006312847137451172,0.0005509853363037109,0.012837886810302734,0.0008220672607421875,0.018112897872924805,0.0011072158813476562,0.036539316177368164,0.0018439292907714844,0.038460731506347656,0.001977205276489258,0.08356404304504395,0.0034198760986328125,0.09151506423950195,0.0038368701934814453,0.13976216316223145,0.005671024322509766,0.14042115211486816,0.0053730010986328125,
0.0063669681549072266,0.0005640983581542969,0.011615991592407227,0.0007600784301757812,0.03611493110656738,0.001725912094116211,0.0367431640625,0.0018239021301269531,0.08202290534973145,0.003595113754272461,0.08536505699157715,0.00360107421875,0.13538098335266113,0.005600929260253906,0.13618111610412598,0.005276918411254883,0.0059468746185302734,0.0005190372467041016,0.0059299468994140625,0.0005640983581542969,0.012553930282592773,0.0007719993591308594,0.0175168514251709,0.0011181831359863281,0.03613400459289551,0.0018091201782226562,0.03944897651672363,0.002007007598876953,0.08413505554199219,0.0034589767456054688,0.09053492546081543,0.0039038658142089844,0.1361548900604248,0.0052068233489990234,0.1387341022491455,0.005615949630737305,
0.005924701690673828,0.0005340576171875,0.011881828308105469,0.0007481575012207031,0.036177873611450195,0.0018050670623779297,0.0360872745513916,0.001840829849243164,0.08282709121704102,0.0034160614013671875,0.0846400260925293,0.0036039352416992188,0.13649988174438477,0.0053670406341552734,0.13603711128234863,0.005627870559692383,0.005614042282104492,0.0005321502685546875,0.006242036819458008,0.0005409717559814453,0.012209177017211914,0.0007686614990234375,0.017760038375854492,0.001110076904296875,0.03593087196350098,0.0018150806427001953,0.03886914253234863,0.0020089149475097656,0.08190107345581055,0.003706693649291992,0.0892949104309082,0.0037841796875,0.14144110679626465,0.005436897277832031,0.14602375030517578,0.005568981170654297,
0.005830049514770508,0.0005397796630859375,0.011547088623046875,0.0007498264312744141,0.03603720664978027,0.0017879009246826172,0.037071943283081055,0.001753091812133789,0.0818030834197998,0.0034749507904052734,0.08503007888793945,0.0037488937377929688,0.13698101043701172,0.005308866500854492,0.13424897193908691,0.005197048187255859,0.006108760833740234,0.0005440711975097656,0.007111787796020508,0.0005671977996826172,0.012549161911010742,0.0007767677307128906,0.01832294464111328,0.001127004623413086,0.03692793846130371,0.001741170883178711,0.03792691230773926,0.0018990039825439453,0.08375096321105957,0.0034711360931396484,0.08803105354309082,0.003741025924682617,0.1356220245361328,0.005354881286621094,0.16870594024658203,0.005349874496459961,
0.0059549808502197266,0.0005588531494140625,0.011896848678588867,0.0007410049438476562,0.035894155502319336,0.0017600059509277344,0.03632783889770508,0.0017681121826171875,0.0821077823638916,0.0035552978515625,0.08529305458068848,0.0035409927368164062,0.13999009132385254,0.0053827762603759766,0.1338660717010498,0.005470991134643555,0.005878925323486328,0.0005331039428710938,0.006184101104736328,0.0005519390106201172,0.012358903884887695,0.0007333755493164062,0.01822686195373535,0.0011630058288574219,0.03600287437438965,0.0018000602722167969,0.038809776306152344,0.0021712779998779297,0.08278203010559082,0.0035021305084228516,0.09082198143005371,0.003741025924682617,0.1360938549041748,0.0052373409271240234,0.14021825790405273,0.005342960357666016,
0.005854129791259766,0.0005309581756591797,0.01230311393737793,0.0007607936859130859,0.036360979080200195,0.0019221305847167969,0.036334991455078125,0.0018498897552490234,0.08234381675720215,0.0034759044647216797,0.08393287658691406,0.003640890121459961,0.13694310188293457,0.005380868911743164,0.13602900505065918,0.005224943161010742,0.006039857864379883,0.0005347728729248047,0.006876945495605469,0.0005710124969482422,0.012300968170166016,0.0007638931274414062,0.017632007598876953,0.0012221336364746094,0.03729891777038574,0.0017888545989990234,0.03911185264587402,0.0019481182098388672,0.08325886726379395,0.0034198760986328125,0.08940696716308594,0.0036818981170654297,0.13534998893737793,0.0052640438079833984,0.13883495330810547,0.00554966926574707,
0.005792140960693359,0.0005400180816650391,0.011820077896118164,0.00074005126953125,0.03795194625854492,0.0017480850219726562,0.03666996955871582,0.0017299652099609375,0.08075904846191406,0.003468036651611328,0.08638906478881836,0.0036950111389160156,0.14469385147094727,0.005377054214477539,0.13497400283813477,0.0053539276123046875,0.006118059158325195,0.0005209445953369141,0.006444692611694336,0.0005733966827392578,0.012391090393066406,0.0007350444793701172,0.01800990104675293,0.0011639595031738281,0.037153005599975586,0.0017578601837158203,0.03880500793457031,0.0019230842590332031,0.08368825912475586,0.003457784652709961,0.0904538631439209,0.0037980079650878906,0.13791394233703613,0.005215883255004883,0.14093494415283203,0.005351066589355469,
0.006644010543823242,0.0005850791931152344,0.01201486587524414,0.0007531642913818359,0.04003596305847168,0.0017838478088378906,0.036572933197021484,0.0018260478973388672,0.08072710037231445,0.0034906864166259766,0.08520984649658203,0.003620147705078125,0.13651680946350098,0.005260944366455078,0.13627314567565918,0.005312681198120117,0.006088972091674805,0.0005409717559814453,0.006365060806274414,0.0005660057067871094,0.01224827766418457,0.0007679462432861328,0.018239974975585938,0.0011529922485351562,0.035839080810546875,0.0017361640930175781,0.037687063217163086,0.001924753189086914,0.08398699760437012,0.003439188003540039,0.08964705467224121,0.003921985626220703,0.13512802124023438,0.005293130874633789,0.13980889320373535,0.005472898483276367,
0.005571126937866211,0.0005350112915039062,0.011895895004272461,0.0007371902465820312,0.03595423698425293,0.0018110275268554688,0.03610801696777344,0.0018351078033447266,0.08764004707336426,0.0034258365631103516,0.08449006080627441,0.003618955612182617,0.13800382614135742,0.005660295486450195,0.13683605194091797,0.005280017852783203,0.006091117858886719,0.0005409717559814453,0.0059051513671875,0.00055694580078125,0.012679815292358398,0.000762939453125,0.018191099166870117,0.001149892807006836,0.03650689125061035,0.0017371177673339844,0.03980112075805664,0.0019221305847167969,0.08363604545593262,0.0037429332733154297,0.08966207504272461,0.003822803497314453,0.13724589347839355,0.0052700042724609375,0.13867712020874023,0.005536794662475586,
0.005825042724609375,0.0005221366882324219,0.011556863784790039,0.0007550716400146484,0.03697085380554199,0.0017910003662109375,0.03624606132507324,0.0017697811126708984,0.08236098289489746,0.0035049915313720703,0.08674812316894531,0.0036139488220214844,0.13643288612365723,0.005299091339111328,0.13727903366088867,0.005473136901855469,0.006441831588745117,0.0005571842193603516,0.006437778472900391,0.0005619525909423828,0.011971712112426758,0.0007381439208984375,0.01799178123474121,0.0012180805206298828,0.03615522384643555,0.0017397403717041016,0.03942298889160156,0.001981973648071289,0.08605790138244629,0.003484964370727539,0.08927297592163086,0.003751993179321289,0.1366410255432129,0.005528926849365234,0.1417222023010254,0.005356788635253906,
0.00575709342956543,0.0005338191986083984,0.012775897979736328,0.0007860660552978516,0.03686690330505371,0.0017600059509277344,0.036046743392944336,0.0017621517181396484,0.0821990966796875,0.0034589767456054688,0.08494210243225098,0.003710031509399414,0.13456416130065918,0.005467891693115234,0.13503599166870117,0.0052950382232666016,0.006669044494628906,0.0005488395690917969,0.007220029830932617,0.0005891323089599609,0.011028766632080078,0.0007359981536865234,0.01800084114074707,0.0011410713195800781,0.0375971794128418,0.0018939971923828125,0.039199113845825195,0.0019979476928710938,0.08243298530578613,0.003565073013305664,0.08930611610412598,0.0038299560546875,0.13769793510437012,0.005549907684326172,0.13847017288208008,0.0055408477783203125,
0.005489826202392578,0.0005261898040771484,0.01219487190246582,0.0007832050323486328,0.03621220588684082,0.0017857551574707031,0.036077022552490234,0.0017499923706054688,0.08102607727050781,0.0034689903259277344,0.08577990531921387,0.0036628246307373047,0.13818883895874023,0.0053141117095947266,0.13695383071899414,0.005316019058227539,0.006089925765991211,0.0005502700805664062,0.006312370300292969,0.0005769729614257812,0.012568235397338867,0.0007627010345458984,0.018666982650756836,0.0011620521545410156,0.036773681640625,0.0017580986022949219,0.04021406173706055,0.0018897056579589844,0.08384013175964355,0.003459930419921875,0.09072995185852051,0.0038840770721435547,0.1367170810699463,0.005278110504150391,0.146683931350708,0.005517005920410156,
0.005847930908203125,0.0005331039428710938,0.012138128280639648,0.0007419586181640625,0.036818742752075195,0.0017883777618408203,0.03627800941467285,0.0018000602722167969,0.09025907516479492,0.003551006317138672,0.08650326728820801,0.0036308765411376953,0.13648295402526855,0.005563020706176758,0.13698315620422363,0.005277872085571289,0.006297111511230469,0.0005648136138916016,0.0063130855560302734,0.0005638599395751953,0.012079238891601562,0.0007407665252685547,0.01854109764099121,0.0011248588562011719,0.03698110580444336,0.001744985580444336,0.03860306739807129,0.0019078254699707031,0.08297395706176758,0.0034499168395996094,0.08954119682312012,0.003734588623046875,0.1373581886291504,0.005295753479003906,0.13974690437316895,0.005675077438354492,
0.006043910980224609,0.0005328655242919922,0.013267993927001953,0.0007588863372802734,0.0354008674621582,0.0017669200897216797,0.0404360294342041,0.0019059181213378906,0.08425498008728027,0.003342151641845703,0.17755508422851562,0.003760099411010742,0.13739514350891113,0.0052947998046875,0.13708186149597168,0.00593876838684082,0.006124734878540039,0.0005433559417724609,0.006300926208496094,0.0005643367767333984,0.012046098709106445,0.0007648468017578125,0.018290996551513672,0.0011529922485351562,0.037126779556274414,0.0017521381378173828,0.038743019104003906,0.0020499229431152344,0.08249711990356445,0.0033881664276123047,0.08930802345275879,0.0038499832153320312,0.141218900680542,0.005398750305175781,0.14231610298156738,0.0055158138275146484,
0.005304098129272461,0.0005469322204589844,0.012434959411621094,0.0008320808410644531,0.036360979080200195,0.0017549991607666016,0.03795027732849121,0.0018367767333984375,0.0832366943359375,0.003454923629760742,0.08857107162475586,0.0037789344787597656,0.1346418857574463,0.005276203155517578,0.13530302047729492,0.005287885665893555,0.006675004959106445,0.0005419254302978516,0.0062007904052734375,0.0005550384521484375,0.013008832931518555,0.0007529258728027344,0.018511056900024414,0.0011181831359863281,0.036791086196899414,0.0017299652099609375,0.03873419761657715,0.001901865005493164,0.08322715759277344,0.003498077392578125,0.08910489082336426,0.0038909912109375,0.13733720779418945,0.005326032638549805,0.13973116874694824,0.0056149959564208984,
0.005697011947631836,0.0005469322204589844,0.012240886688232422,0.0007722377777099609,0.03589296340942383,0.0017857551574707031,0.03655600547790527,0.001875162124633789,0.08164596557617188,0.0034630298614501953,0.0863809585571289,0.003736734390258789,0.13505101203918457,0.005320072174072266,0.1361851692199707,0.0052738189697265625,0.006430387496948242,0.0005688667297363281,0.006192922592163086,0.0005719661712646484,0.012370109558105469,0.0007679462432861328,0.018659114837646484,0.0012049674987792969,0.037200212478637695,0.0017919540405273438,0.03856801986694336,0.001928091049194336,0.08361983299255371,0.0034661293029785156,0.08971214294433594,0.003734111785888672,0.13560819625854492,0.005486011505126953,0.14020800590515137,0.005585908889770508,
0.006561994552612305,0.0005929470062255859,0.012918949127197266,0.0007822513580322266,0.03598308563232422,0.0018210411071777344,0.0369112491607666,0.0017390251159667969,0.08244991302490234,0.0034999847412109375,0.08694601058959961,0.0036127567291259766,0.13601994514465332,0.005307912826538086,0.14175891876220703,0.005242109298706055,0.0062408447265625,0.0005867481231689453,0.006349802017211914,0.0005650520324707031,0.012120962142944336,0.0007600784301757812,0.023509979248046875,0.001207113265991211,0.03678584098815918,0.001753091812133789,0.03883004188537598,0.0019359588623046875,0.08356094360351562,0.003464221954345703,0.09122109413146973,0.003802061080932617,0.135329008102417,0.0052607059478759766,0.14129304885864258,0.005354881286621094,
0.0060138702392578125,0.0005948543548583984,0.012710809707641602,0.0008199214935302734,0.036128997802734375,0.0019040107727050781,0.03623175621032715,0.0017561912536621094,0.0825343132019043,0.003577709197998047,0.0866248607635498,0.003695249557495117,0.1346728801727295,0.0051801204681396484,0.1354687213897705,0.005505084991455078,0.006063699722290039,0.0005440711975097656,0.006731986999511719,0.0005650520324707031,0.012233972549438477,0.0007750988006591797,0.01838397979736328,0.0011630058288574219,0.036498069763183594,0.001775979995727539,0.04486393928527832,0.0019030570983886719,0.08504486083984375,0.0034761428833007812,0.08928489685058594,0.003742218017578125,0.13564014434814453,0.0054759979248046875,0.1405630111694336,0.005415916442871094,
